ticket_id,created_at_utc,host_id,alert_type,severity,status,duration_min
T00001,2026-01-22 17:52:00,H00022,网络抖动,P3,待处理,144
T00002,2026-01-08 05:12:00,H00047,磁盘满,P2,已恢复,119
T00003,2026-01-03 07:08:00,H00010,服务挂,P1,已恢复,191
T00004,2026-01-12 08:20:00,H00048,CPU飙高,P3,已恢复,83
T00005,2026-01-07 02:28:00,H00008,网络抖动,P3,已恢复,138
T00006,2026-01-10 03:12:00,H00032,慢SQL,P3,处理中,69
T00007,2026-01-16 08:19:00,H00046,服务挂,P1,已恢复,141
T00008,2026-01-02 09:21:00,H00028,服务挂,P0,处理中,93
T00009,2026-01-21 10:22:00,H00033,磁盘满,P1,已恢复,213
T00010,2026-01-08 08:49:00,H00023,磁盘满,P0,待处理,22
T00011,2026-01-22 16:26:00,H00006,CPU飙高,P1,处理中,35
T00012,2026-01-17 06:23:00,H00006,网络抖动,P0,待处理,201
T00013,2026-01-12 12:04:00,H00038,慢SQL,P3,处理中,94
T00014,2026-01-24 18:28:00,H00049,CPU飙高,P3,已恢复,188
T00015,2026-01-27 21:37:00,H00039,慢SQL,P2,待处理,95
T00016,2026-01-19 13:50:00,H00033,慢SQL,P2,已恢复,230
T00017,2026-01-10 07:10:00,H00026,网络抖动,P0,处理中,165
T00018,2026-01-20 17:04:00,H00028,网络抖动,P1,待处理,212
T00019,2026-01-24 12:56:00,H00037,CPU飙高,P3,已恢复,81
T00020,2026-01-12 21:54:00,H00007,磁盘满,P2,处理中,226
T00021,2026-01-15 03:39:00,H00007,慢SQL,P2,处理中,170
T00022,2026-01-02 05:06:00,H00032,慢SQL,P2,待处理,198
T00023,2026-01-15 02:04:00,H00016,CPU飙高,P3,待处理,215
T00024,2026-01-20 11:04:00,H00035,慢SQL,P1,已恢复,87
T00025,2026-01-07 12:42:00,H00036,网络抖动,P1,处理中,215
T00026,2026-01-23 22:10:00,H00033,磁盘满,P1,待处理,72
T00027,2026-01-22 14:42:00,H00050,网络抖动,P2,待处理,186
T00028,2026-01-23 16:08:00,H00001,网络抖动,P0,已恢复,69
T00029,2026-01-10 05:15:00,H00004,服务挂,P0,处理中,178
T00030,2026-01-04 14:21:00,H00021,网络抖动,P1,处理中,224
T00031,2026-01-21 12:34:00,H00049,CPU飙高,P0,待处理,59
T00032,2026-01-04 17:03:00,H00047,服务挂,P0,待处理,78
T00033,2026-01-04 10:06:00,H00017,CPU飙高,P0,处理中,5
T00034,2026-01-28 14:46:00,H00037,慢SQL,P2,待处理,102
T00035,2026-01-11 15:17:00,H00001,网络抖动,P3,处理中,84
T00036,2026-01-12 23:06:00,H00028,磁盘满,P1,处理中,149
T00037,2026-01-01 15:59:00,H00021,服务挂,P1,处理中,121
T00038,2026-01-10 00:33:00,H00016,慢SQL,P3,待处理,171
T00039,2026-01-06 08:12:00,H00027,网络抖动,P0,处理中,194
T00040,2026-01-01 01:14:00,H00025,服务挂,P2,已恢复,19
T00041,2026-01-01 13:10:00,H00022,磁盘满,P2,已恢复,7
T00042,2026-01-07 00:09:00,H00047,磁盘满,P2,处理中,170
T00043,2026-01-22 15:33:00,H00024,网络抖动,P2,处理中,58
T00044,2026-01-27 08:08:00,H00047,网络抖动,P2,待处理,84
T00045,2026-01-22 10:46:00,H00010,CPU飙高,P3,处理中,238
T00046,2026-01-01 10:29:00,H00010,CPU飙高,P2,处理中,202
T00047,2026-01-03 22:19:00,H00021,CPU飙高,P3,待处理,5
T00048,2026-01-15 03:31:00,H00034,网络抖动,P2,已恢复,29
T00049,2026-01-17 06:11:00,H00010,磁盘满,P0,处理中,56
T00050,2026-01-01 03:23:00,H00007,CPU飙高,P3,处理中,76
T00051,2026-01-28 21:50:00,H00013,服务挂,P1,已恢复,128
T00052,2026-01-11 09:04:00,H00022,网络抖动,P2,已恢复,93
T00053,2026-01-01 17:21:00,H00011,CPU飙高,P3,已恢复,224
T00054,2026-01-20 20:09:00,H00030,慢SQL,P1,已恢复,238
T00055,2026-01-12 15:59:00,H00026,CPU飙高,P0,已恢复,178
T00056,2026-01-18 20:16:00,H00030,网络抖动,P3,已恢复,96
T00057,2026-01-25 11:12:00,H00007,网络抖动,P0,处理中,47
T00058,2026-01-03 16:56:00,H00021,慢SQL,P2,已恢复,87
T00059,2026-01-12 00:29:00,H00039,CPU飙高,P1,待处理,205
T00060,2026-01-14 18:27:00,H00035,磁盘满,P2,处理中,32
T00061,2026-01-05 10:12:00,H00046,服务挂,P3,待处理,9
T00062,2026-01-23 04:29:00,H00040,磁盘满,P2,待处理,13
T00063,2026-01-24 18:04:00,H00024,磁盘满,P3,处理中,39
T00064,2026-01-11 05:06:00,H00021,网络抖动,P3,已恢复,160
T00065,2026-01-21 04:52:00,H00035,网络抖动,P2,已恢复,36
T00066,2026-01-13 05:26:00,H00040,慢SQL,P3,待处理,59
T00067,2026-01-03 05:13:00,H00040,服务挂,P0,待处理,38
T00068,2026-01-02 20:03:00,H00042,慢SQL,P3,待处理,64
T00069,2026-01-06 19:19:00,H00015,网络抖动,P1,处理中,103
T00070,2026-01-06 13:17:00,H00007,磁盘满,P2,待处理,137
T00071,2026-01-17 07:52:00,H00017,服务挂,P3,待处理,187
T00072,2026-01-06 06:11:00,H00018,CPU飙高,P3,处理中,98
T00073,2026-01-28 07:45:00,H00039,CPU飙高,P1,待处理,85
T00074,2026-01-13 00:09:00,H00025,服务挂,P1,已恢复,14
T00075,2026-01-22 12:01:00,H00024,网络抖动,P2,待处理,221
T00076,2026-01-28 00:50:00,H00022,慢SQL,P0,处理中,37
T00077,2026-01-14 20:15:00,H00025,慢SQL,P0,已恢复,98
T00078,2026-01-18 22:55:00,H00002,网络抖动,P1,处理中,37
T00079,2026-01-09 08:05:00,H00036,网络抖动,P1,已恢复,26
T00080,2026-01-03 22:31:00,H00009,慢SQL,P1,处理中,10
T00081,2026-01-03 10:07:00,H00023,磁盘满,P0,待处理,114
T00082,2026-01-11 08:42:00,H00038,CPU飙高,P1,待处理,165
T00083,2026-01-22 23:04:00,H00007,服务挂,P1,已恢复,13
T00084,2026-01-08 21:39:00,H00012,CPU飙高,P3,待处理,197
T00085,2026-01-17 12:26:00,H00023,磁盘满,P0,已恢复,206
T00086,2026-01-27 08:35:00,H00028,慢SQL,P0,待处理,134
T00087,2026-01-26 13:45:00,H00048,网络抖动,P0,已恢复,136
T00088,2026-01-13 01:31:00,H00047,网络抖动,P1,待处理,136
T00089,2026-01-08 18:52:00,H00038,服务挂,P3,处理中,46
T00090,2026-01-18 17:23:00,H00021,CPU飙高,P0,待处理,55
T00091,2026-01-22 23:09:00,H00028,磁盘满,P3,已恢复,50
T00092,2026-01-15 16:56:00,H00021,磁盘满,P0,已恢复,58
T00093,2026-01-17 04:46:00,H00023,慢SQL,P1,已恢复,180
T00094,2026-01-07 16:44:00,H00004,CPU飙高,P2,处理中,54
T00095,2026-01-20 21:55:00,H00017,网络抖动,P3,待处理,37
T00096,2026-01-02 21:48:00,H00048,慢SQL,P3,已恢复,47
T00097,2026-01-07 22:49:00,H00006,服务挂,P0,待处理,238
T00098,2026-01-11 06:47:00,H00021,网络抖动,P0,待处理,9
T00099,2026-01-28 19:44:00,H00033,磁盘满,P2,待处理,50
T00100,2026-01-24 17:29:00,H00031,网络抖动,P1,已恢复,181
T00101,2026-01-09 20:48:00,H00032,CPU飙高,P3,待处理,45
T00102,2026-01-10 09:34:00,H00034,磁盘满,P2,已恢复,48
T00103,2026-01-03 19:48:00,H00047,CPU飙高,P2,已恢复,31
T00104,2026-01-21 04:45:00,H00019,慢SQL,P1,处理中,44
T00105,2026-01-17 12:33:00,H00003,服务挂,P1,处理中,200
T00106,2026-01-25 10:02:00,H00030,服务挂,P1,已恢复,231
T00107,2026-01-05 09:03:00,H00036,网络抖动,P3,待处理,226
T00108,2026-01-28 08:24:00,H00016,服务挂,P0,待处理,30
T00109,2026-01-06 12:35:00,H00023,慢SQL,P0,处理中,221
T00110,2026-01-13 05:29:00,H00028,网络抖动,P0,待处理,12
T00111,2026-01-06 15:58:00,H00001,磁盘满,P2,处理中,66
T00112,2026-01-19 11:24:00,H00027,服务挂,P2,待处理,90
T00113,2026-01-14 03:24:00,H00006,CPU飙高,P0,处理中,213
T00114,2026-01-23 04:07:00,H00014,CPU飙高,P2,处理中,113
T00115,2026-01-13 21:02:00,H00017,CPU飙高,P3,处理中,68
T00116,2026-01-21 08:15:00,H00026,网络抖动,P2,已恢复,122
T00117,2026-01-09 02:22:00,H00022,服务挂,P3,已恢复,110
T00118,2026-01-25 21:43:00,H00031,磁盘满,P2,处理中,108
T00119,2026-01-16 00:29:00,H00040,慢SQL,P1,待处理,174
T00120,2026-01-02 08:55:00,H00001,网络抖动,P0,处理中,50
T00121,2026-01-28 05:36:00,H00028,网络抖动,P0,处理中,235
T00122,2026-01-13 16:31:00,H00044,磁盘满,P3,处理中,96
T00123,2026-01-23 21:29:00,H00008,服务挂,P1,已恢复,98
T00124,2026-01-12 07:56:00,H00041,CPU飙高,P3,待处理,141
T00125,2026-01-17 16:42:00,H00038,磁盘满,P3,处理中,29
T00126,2026-01-15 23:46:00,H00007,网络抖动,P2,处理中,213
T00127,2026-01-24 19:39:00,H00019,网络抖动,P2,处理中,100
T00128,2026-01-19 09:44:00,H00035,网络抖动,P3,待处理,31
T00129,2026-01-12 23:01:00,H00024,CPU飙高,P2,处理中,230
T00130,2026-01-19 18:04:00,H00027,服务挂,P0,处理中,207
T00131,2026-01-16 21:22:00,H00042,磁盘满,P1,处理中,59
T00132,2026-01-25 23:22:00,H00007,磁盘满,P2,待处理,81
T00133,2026-01-07 17:11:00,H00050,CPU飙高,P2,待处理,55
T00134,2026-01-02 13:17:00,H00028,慢SQL,P1,待处理,167
T00135,2026-01-10 09:05:00,H00041,网络抖动,P3,处理中,109
T00136,2026-01-12 05:47:00,H00003,CPU飙高,P1,待处理,78
T00137,2026-01-26 00:12:00,H00043,网络抖动,P3,处理中,71
T00138,2026-01-21 14:51:00,H00012,慢SQL,P3,处理中,238
T00139,2026-01-15 01:38:00,H00008,慢SQL,P2,待处理,200
T00140,2026-01-01 06:30:00,H00012,服务挂,P3,处理中,11
T00141,2026-01-22 17:11:00,H00024,慢SQL,P0,处理中,182
T00142,2026-01-11 06:02:00,H00035,网络抖动,P1,已恢复,120
T00143,2026-01-04 17:29:00,H00024,网络抖动,P3,待处理,126
T00144,2026-01-01 12:36:00,H00007,磁盘满,P2,处理中,149
T00145,2026-01-05 15:33:00,H00006,慢SQL,P1,已恢复,231
T00146,2026-01-18 02:16:00,H00034,慢SQL,P2,处理中,94
T00147,2026-01-03 13:17:00,H00016,CPU飙高,P2,处理中,19
T00148,2026-01-26 04:47:00,H00049,慢SQL,P0,已恢复,78
T00149,2026-01-13 00:42:00,H00031,CPU飙高,P3,已恢复,90
T00150,2026-01-06 03:20:00,H00041,慢SQL,P1,已恢复,161
T00151,2026-01-17 23:49:00,H00008,网络抖动,P0,处理中,171
T00152,2026-01-21 02:57:00,H00008,网络抖动,P2,已恢复,128
T00153,2026-01-26 15:34:00,H00021,磁盘满,P3,处理中,22
T00154,2026-01-01 14:51:00,H00023,慢SQL,P1,已恢复,18
T00155,2026-01-15 07:35:00,H00020,服务挂,P0,已恢复,56
T00156,2026-01-09 18:47:00,H00017,服务挂,P1,已恢复,95
T00157,2026-01-14 21:38:00,H00033,网络抖动,P3,已恢复,224
T00158,2026-01-10 13:05:00,H00026,磁盘满,P3,处理中,47
T00159,2026-01-27 06:25:00,H00043,网络抖动,P3,待处理,27
T00160,2026-01-01 17:17:00,H00019,慢SQL,P0,处理中,72
T00161,2026-01-21 20:13:00,H00009,CPU飙高,P0,处理中,90
T00162,2026-01-03 23:02:00,H00030,网络抖动,P0,已恢复,67
T00163,2026-01-07 05:16:00,H00001,CPU飙高,P0,处理中,207
T00164,2026-01-07 18:53:00,H00024,磁盘满,P3,处理中,28
T00165,2026-01-20 03:26:00,H00035,慢SQL,P2,处理中,35
T00166,2026-01-10 10:21:00,H00004,慢SQL,P0,待处理,115
T00167,2026-01-14 23:28:00,H00006,磁盘满,P3,处理中,216
T00168,2026-01-25 06:24:00,H00036,服务挂,P1,已恢复,181
T00169,2026-01-16 21:45:00,H00002,网络抖动,P3,已恢复,32
T00170,2026-01-08 13:06:00,H00006,慢SQL,P3,待处理,104
T00171,2026-01-10 16:32:00,H00002,网络抖动,P1,处理中,111
T00172,2026-01-28 05:30:00,H00016,CPU飙高,P2,处理中,50
T00173,2026-01-04 01:53:00,H00008,服务挂,P1,待处理,151
T00174,2026-01-20 17:25:00,H00017,慢SQL,P2,已恢复,165
T00175,2026-01-06 16:03:00,H00041,服务挂,P1,处理中,70
T00176,2026-01-23 05:32:00,H00024,服务挂,P0,已恢复,200
T00177,2026-01-08 13:14:00,H00001,服务挂,P1,已恢复,34
T00178,2026-01-02 16:40:00,H00047,磁盘满,P0,已恢复,40
T00179,2026-01-23 12:17:00,H00023,服务挂,P0,待处理,233
T00180,2026-01-25 22:37:00,H00044,服务挂,P1,待处理,17
T00181,2026-01-10 09:14:00,H00040,CPU飙高,P2,待处理,199
T00182,2026-01-08 06:24:00,H00016,网络抖动,P2,已恢复,150
T00183,2026-01-22 05:47:00,H00034,慢SQL,P2,待处理,55
T00184,2026-01-26 21:08:00,H00016,慢SQL,P2,待处理,182
T00185,2026-01-10 21:15:00,H00001,服务挂,P3,处理中,120
T00186,2026-01-20 01:12:00,H00027,服务挂,P2,已恢复,121
T00187,2026-01-27 07:35:00,H00012,服务挂,P3,处理中,74
T00188,2026-01-27 13:16:00,H00048,慢SQL,P1,处理中,22
T00189,2026-01-25 08:09:00,H00016,慢SQL,P0,待处理,77
T00190,2026-01-22 01:57:00,H00015,服务挂,P3,处理中,75
T00191,2026-01-20 04:22:00,H00011,磁盘满,P1,处理中,26
T00192,2026-01-13 17:57:00,H00041,网络抖动,P0,处理中,179
T00193,2026-01-09 07:16:00,H00034,网络抖动,P0,已恢复,125
T00194,2026-01-14 03:03:00,H00002,磁盘满,P2,已恢复,142
T00195,2026-01-01 19:54:00,H00008,CPU飙高,P2,待处理,132
T00196,2026-01-20 18:02:00,H00015,服务挂,P3,处理中,74
T00197,2026-01-21 02:56:00,H00048,网络抖动,P2,待处理,200
T00198,2026-01-26 20:19:00,H00048,网络抖动,P0,待处理,181
T00199,2026-01-18 15:42:00,H00028,慢SQL,P3,待处理,87
T00200,2026-01-15 05:25:00,H00050,网络抖动,P2,已恢复,208
